class,Omega,configuration,solved,root_gap_pct,time_first_incumbent_s,final_gap_pct,time_s,nodes,cuts
3-6-12-20,16,BBC_0,10,7.2,44.8,0.0,526.4,472,206
3-6-12-20,16,BBC_Init,10,5.1,39.2,0.0,451.7,398,192
3-6-12-20,16,BBC_Init+UB,10,5.0,18.6,0.0,398.2,351,201
3-6-12-20,16,IBBC,10,3.6,15.4,0.0,179.8,281,249
3-6-12-20,64,BBC_0,8,10.8,105.3,2.6,921.7,2918,1235
3-6-12-20,64,BBC_Init,9,7.7,88.1,2.0,674.5,2412,1164
3-6-12-20,64,BBC_Init+UB,9,7.5,39.7,1.5,593.8,2076,1218
3-6-12-20,64,IBBC,9,5.3,32.2,0.5,503.2,1611,1227
5-10-24-40,16,BBC_0,8,12.9,176.5,3.4,1198.2,4485,1912
5-10-24-40,16,BBC_Init,9,9.1,146.2,2.8,721.7,3642,1795
5-10-24-40,16,BBC_Init+UB,9,8.9,67.4,2.2,661.5,3078,1856
5-10-24-40,16,IBBC,9,6.2,54.1,0.7,544.0,1949,1452
5-10-24-40,64,BBC_0,4,18.7,322.4,9.8,2286.3,20344,8692
5-10-24-40,64,BBC_Init,5,13.4,268.5,8.2,1987.4,16812,8175
5-10-24-40,64,BBC_Init+UB,6,13.1,118.7,6.7,1704.9,14206,8421
5-10-24-40,64,IBBC,7,9.1,95.3,5.4,1651.8,13157,10001
8-15-24-60,16,BBC_0,5,18.3,297.6,8.7,1810.4,16428,6885
8-15-24-60,16,BBC_Init,6,13.0,247.9,7.5,1584.2,13492,6442
8-15-24-60,16,BBC_Init+UB,7,12.7,110.6,6.2,1366.8,11376,6631
8-15-24-60,16,IBBC,8,8.9,89.7,3.4,1257.8,9251,6818
8-15-24-60,64,BBC_0,0,25.9,541.8,19.6,3600.0,35182,15108
8-15-24-60,64,BBC_Init,1,18.4,462.7,17.2,3486.2,29408,14352
8-15-24-60,64,BBC_Init+UB,1,18.0,201.3,14.8,3438.7,25174,14826
8-15-24-60,64,IBBC,3,15.6,164.9,14.8,3212.3,25567,19179
