q,class,Gamma,Omega,gap_BD_pct,gap_IBBC_pct,time_BD_s,time_IBBC_s,iterations_BD,nodes_IBBC,cuts_BD,cuts_IBBC
0.10,3-6-12-20,7,8,0.0,0.0,22.2,16.1,30,141,105,129
0.10,3-6-12-20,7,16,0.0,0.0,84.7,30.5,44,240,194,215
0.10,3-6-12-20,7,32,0.4,0.0,422.8,91.5,88,567,428,509
0.10,3-6-12-20,7,64,1.2,0.5,521.9,472.0,194,1264,922,1098
0.10,5-10-24-40,24,8,0.2,0.0,433.2,109.0,93,608,467,522
0.10,5-10-24-40,24,16,1.7,0.6,552.1,494.2,211,1425,1031,1230
0.10,5-10-24-40,24,32,5.3,1.9,973.8,777.8,651,4389,3194,3841
0.10,5-10-24-40,24,64,8.5,4.6,1832.5,1193.6,1554,10636,7456,8909
0.10,8-15-24-60,36,8,3.3,1.2,778.5,648.4,441,3026,2183,2615
0.10,8-15-24-60,36,16,7.1,3.8,1352.6,852.6,1031,7056,4925,5894
0.10,8-15-24-60,36,32,11.6,8.3,2474.4,1858.0,2234,15444,10177,12207
0.10,8-15-24-60,36,64,18.1,12.7,3600.0,2897.3,3184,22433,14530,17496
0.10,All,--,--,4.8,2.8,1087.4,786.8,812.9,5602.4,3801.0,4555.4
0.20,3-6-12-20,14,8,0.0,0.0,26.2,18.7,31,129,115,137
0.20,3-6-12-20,14,16,0.1,0.0,392.8,179.8,50,281,200,249
0.20,3-6-12-20,14,32,0.3,0.1,439.6,413.5,100,655,430,539
0.20,3-6-12-20,14,64,1.9,0.5,569.9,503.2,238,1611,1030,1227
0.20,5-10-24-40,48,8,0.7,0.1,463.4,429.8,123,775,515,605
0.20,5-10-24-40,48,16,2.1,0.7,625.4,544.0,289,1949,1211,1452
0.20,5-10-24-40,48,32,6.5,3.2,1122.8,906.1,824,5651,3663,4387
0.20,5-10-24-40,48,64,10.2,5.4,2176.7,1651.8,1898,13157,8424,10001
0.20,8-15-24-60,72,8,4.3,2.2,898.2,723.6,563,3889,2510,2953
0.20,8-15-24-60,72,16,7.3,3.4,1631.6,1257.8,1328,9251,5698,6818
0.20,8-15-24-60,72,32,14.6,7.3,3600.0,2187.5,2692,18739,11697,13994
0.20,8-15-24-60,72,64,21.4,14.8,3600.0,3212.3,3588,25567,16058,19179
0.20,All,--,--,5.8,3.1,1295.6,1002.3,977.0,6804.5,4295.9,5128.4
0.30,3-6-12-20,21,8,0.2,0.0,375.9,22.0,33,165,146,151
0.30,3-6-12-20,21,16,0.3,0.1,401.8,386.4,58,335,228,284
0.30,3-6-12-20,21,32,0.7,0.4,460.0,427.9,120,764,470,578
0.30,3-6-12-20,21,64,2.2,0.9,616.9,537.9,289,1929,1154,1395
0.30,5-10-24-40,72,8,1.2,0.39,494.6,450.1,150,991,568,641
0.30,5-10-24-40,72,16,3.5,1.5,686.6,587.5,356,2356,1346,1575
0.30,5-10-24-40,72,32,6.6,4.0,1278.3,1005.3,965,6611,4112,4927
0.30,5-10-24-40,72,64,13.4,8.1,2372.8,1800.0,2121,14829,9306,11197
0.30,8-15-24-60,108,8,6.2,2.9,1042.9,826.8,702,4889,2790,3388
0.30,8-15-24-60,108,16,10.7,6.2,1835.8,1399.8,1557,10860,6435,7632
0.30,8-15-24-60,108,32,15.9,10.4,3178.1,2387.5,2931,20800,12902,15399
0.30,8-15-24-60,108,64,23.7,16.3,3510.0,3431.2,3853,27389,17104,20764
0.30,All,--,--,7.1,4.3,1354.5,1105.2,1094.6,7659.8,4713.4,5660.9
