class,Gamma,Omega,model,AOL_pct,CVaR95_pct,emergency_usage,abandonment,avg_nonterminal_backlog
3-6-12-20,7,8,DET,8.7,15.6,15.4,6.8,4.9
3-6-12-20,7,8,SP,6.1,11.4,12.8,5.3,4.0
3-6-12-20,7,8,RO,5.2,9.7,10.7,4.6,3.5
3-6-12-20,7,8,SRO,3.9,7.1,8.9,3.8,2.9
3-6-12-20,7,16,DET,9.3,16.8,16.2,7.2,5.3
3-6-12-20,7,16,SP,6.6,12.4,13.5,5.8,4.3
3-6-12-20,7,16,RO,5.6,10.4,11.2,4.9,3.7
3-6-12-20,7,16,SRO,4.2,7.7,9.3,4.1,3.1
3-6-12-20,7,32,DET,10.1,18.3,17.4,7.8,5.8
3-6-12-20,7,32,SP,7.2,13.6,14.4,6.2,4.7
3-6-12-20,7,32,RO,6.1,11.4,11.9,5.3,4.0
3-6-12-20,7,32,SRO,4.7,8.5,9.9,4.4,3.4
3-6-12-20,7,64,DET,11.5,20.8,18.9,8.6,6.4
3-6-12-20,7,64,SP,8.1,15.1,15.7,6.9,5.1
3-6-12-20,7,64,RO,6.8,12.5,12.8,5.8,4.4
3-6-12-20,7,64,SRO,5.2,9.2,10.6,4.8,3.7
5-10-24-40,24,8,DET,12.8,23.4,26.5,13.2,9.4
5-10-24-40,24,8,SP,9.5,17.6,22.1,10.6,7.8
5-10-24-40,24,8,RO,8.1,14.9,18.9,9.1,6.8
5-10-24-40,24,8,SRO,6.2,11.1,15.8,7.4,5.6
5-10-24-40,24,16,DET,13.9,25.6,28.4,14.1,10.1
5-10-24-40,24,16,SP,10.3,19.2,23.6,11.4,8.4
5-10-24-40,24,16,RO,8.8,16.2,20.1,9.7,7.2
5-10-24-40,24,16,SRO,6.8,12.1,16.9,7.9,5.9
5-10-24-40,24,32,DET,15.4,28.2,30.7,15.3,10.9
5-10-24-40,24,32,SP,11.4,21.1,25.4,12.3,9.1
5-10-24-40,24,32,RO,9.7,17.8,21.5,10.4,7.8
5-10-24-40,24,32,SRO,7.5,13.3,18.2,8.6,6.4
5-10-24-40,24,64,DET,17.2,31.5,33.1,16.8,12.0
5-10-24-40,24,64,SP,12.8,23.8,27.3,13.4,9.9
5-10-24-40,24,64,RO,10.8,19.7,23.1,11.2,8.4
5-10-24-40,24,64,SRO,8.4,14.8,19.6,9.3,6.9
8-15-24-60,36,8,DET,17.9,32.6,39.8,21.4,15.6
8-15-24-60,36,8,SP,13.8,25.4,33.2,17.6,12.9
8-15-24-60,36,8,RO,11.7,21.5,28.5,15.1,10.8
8-15-24-60,36,8,SRO,9.1,16.3,23.7,12.4,8.9
8-15-24-60,36,16,DET,19.6,35.7,42.5,23.0,16.8
8-15-24-60,36,16,SP,15.0,27.7,35.4,18.8,13.8
8-15-24-60,36,16,RO,12.8,23.4,30.1,16.0,11.5
8-15-24-60,36,16,SRO,9.9,17.8,25.1,13.2,9.4
8-15-24-60,36,32,DET,21.8,39.8,45.9,25.1,18.3
8-15-24-60,36,32,SP,16.6,30.8,38.1,20.4,14.9
8-15-24-60,36,32,RO,14.1,25.9,32.5,17.3,12.4
8-15-24-60,36,32,SRO,10.9,19.6,27.0,14.1,10.1
8-15-24-60,36,64,DET,24.7,44.9,49.6,27.4,19.9
8-15-24-60,36,64,SP,18.3,33.8,41.0,22.1,16.2
8-15-24-60,36,64,RO,15.5,28.4,35.0,18.7,13.4
8-15-24-60,36,64,SRO,12.1,21.2,29.2,15.3,10.9
