class,q,Gamma,alpha,DET_AOL_pct,SP_AOL_pct,RO_AOL_pct,SRO_AOL_pct
3-6-12-20,0.10,7,0.1,10.1,7.2,5.0,3.7
3-6-12-20,0.10,7,0.2,10.1,7.2,6.1,4.7
3-6-12-20,0.10,7,0.3,10.1,7.2,7.2,5.4
3-6-12-20,0.20,14,0.1,10.1,7.2,5.6,4.2
3-6-12-20,0.20,14,0.2,10.1,7.2,6.8,5.0
3-6-12-20,0.20,14,0.3,10.1,7.2,8.0,6.1
3-6-12-20,0.30,21,0.1,10.1,7.2,6.4,4.8
3-6-12-20,0.30,21,0.2,10.1,7.2,7.6,5.8
3-6-12-20,0.30,21,0.3,10.1,7.2,9.0,6.9
5-10-24-40,0.10,24,0.1,15.4,11.4,8.0,6.1
5-10-24-40,0.10,24,0.2,15.4,11.4,9.7,7.5
5-10-24-40,0.10,24,0.3,15.4,11.4,10.7,8.2
5-10-24-40,0.20,48,0.1,15.4,11.4,8.8,6.8
5-10-24-40,0.20,48,0.2,15.4,11.4,10.2,7.9
5-10-24-40,0.20,48,0.3,15.4,11.4,11.9,9.2
5-10-24-40,0.30,72,0.1,15.4,11.4,9.9,7.6
5-10-24-40,0.30,72,0.2,15.4,11.4,11.3,8.8
5-10-24-40,0.30,72,0.3,15.4,11.4,13.2,10.3
8-15-24-60,0.10,36,0.1,21.8,16.6,11.8,9.1
8-15-24-60,0.10,36,0.2,21.8,16.6,14.1,10.9
8-15-24-60,0.10,36,0.3,21.8,16.6,15.5,12.0
8-15-24-60,0.20,72,0.1,21.8,16.6,13.2,10.2
8-15-24-60,0.20,72,0.2,21.8,16.6,15.0,11.6
8-15-24-60,0.20,72,0.3,21.8,16.6,17.3,13.4
8-15-24-60,0.30,108,0.1,21.8,16.6,14.6,11.3
8-15-24-60,0.30,108,0.2,21.8,16.6,16.7,12.9
8-15-24-60,0.30,108,0.3,21.8,16.6,19.2,14.9
